Flow ID;Src IP;Src Port;Dst IP;Dst Port;Protocol;Timestamp;Flow Duration;Total Fwd Packet;Total Bwd packets;Total Length of Fwd Packet;Total Length of Bwd Packet;Fwd Packet Length Max;Fwd Packet Length Min;Fwd Packet Length Mean;Fwd Packet Length Std;Bwd Packet Length Max;Bwd Packet Length Min;Bwd Packet Length Mean;Bwd Packet Length Std;Flow Bytes/s;Flow Packets/s;Flow IAT Mean;Flow IAT Std;Flow IAT Max;Flow IAT Min;Fwd IAT Total;Fwd IAT Mean;Fwd IAT Std;Fwd IAT Max;Fwd IAT Min;Bwd IAT Total;Bwd IAT Mean;Bwd IAT Std;Bwd IAT Max;Bwd IAT Min;Fwd PSH Flags;Bwd PSH Flags;Fwd URG Flags;Bwd URG Flags;Fwd Header Length;Bwd Header Length;Fwd Packets/s;Bwd Packets/s;Packet Length Min;Packet Length Max;Packet Length Mean;Packet Length Std;Packet Length Variance;FIN Flag Count;SYN Flag Count;RST Flag Count;PSH Flag Count;ACK Flag Count;URG Flag Count;CWR Flag Count;ECE Flag Count;Down/Up Ratio;Average Packet Size;Fwd Segment Size Avg;Bwd Segment Size Avg;Fwd Bytes/Bulk Avg;Fwd Packet/Bulk Avg;Fwd Bulk Rate Avg;Bwd Bytes/Bulk Avg;Bwd Packet/Bulk Avg;Bwd Bulk Rate Avg;Subflow Fwd Packets;Subflow Fwd Bytes;Subflow Bwd Packets;Subflow Bwd Bytes;FWD Init Win Bytes;Bwd Init Win Bytes;Fwd Act Data Pkts;Fwd Seg Size Min;Active Mean;Active Std;Active Max;Active Min;Idle Mean;Idle Std;Idle Max;Idle Min;Label
172,17,0,2-142,251,132,78-56772-80-6;172,17,0,2;56772;142,251,132,78;80;6;08/08/2022 18:11;481669;5;3;137;528;137;0;27,4;61,26826258;528;0;176;304,8409421;1380,616149;16,60891608;68809,85714;108805,1992;291256;77;481669;120417,25;124212,02;291256;439;122013;61006,5;85806,70079;121681;332;0;0;0;0;120;64;10,38057255;6,228343531;0;528;73,88888889;176,2160921;31052,11111;1;2;0;2;7;0;0;0;0;83,125;27,4;176;0;0;0;0;0;0;0;17;0;66;64240;32631;1;20;0;0;0;0;1,66E+15;0;1,66E+15;1,66E+15;NeedManualLabel
172,17,0,2-142,250,79,228-33482-80-6;172,17,0,2;33482;142,250,79,228;80;6;08/08/2022 18:11;299525;15;13;141;15429;141;0;9,4;36,40604345;1460;0;1186,846154;536,3617943;51982,30532;93,48134546;11093,51852;29418,50885;136344;-332;299525;21394,64286;47897,71041;174410;1;232145;19345,41667;39979,30614;136935;0;0;0;0;0;320;264;50,07929221;43,40205325;0;1460;536,8965517;692,4196366;479444,9532;1;2;0;12;27;0;0;0;0;556,0714286;9,4;1186,846154;0;0;0;15570;12;67241;0;5;0;551;64240;32627;1;20;0;0;0;0;1,66E+15;0;1,66E+15;1,66E+15;NeedManualLabel
172,17,0,2-142,251,129,78-32914-80-6;172,17,0,2;32914;142,251,129,78;80;6;08/08/2022 18:11;1140985;5;3;142;377;142;0;28,4;63,50433056;377;0;125,6666667;217,6610515;454,8701341;7,01148569;162997,8571;358110,0319;972601;83;1140985;285246,25;460841,0923;972601;403;119997;59998,5;4531,847361;63203;56794;0;0;0;0;120;64;4,382178556;2,629307134;0;377;57,66666667;128,6293124;16545,5;1;2;0;2;7;0;0;0;0;64,875;28,4;125,6666667;0;0;0;0;0;0;0;17;0;47;64240;32626;1;20;0;0;0;0;1,66E+15;0;1,66E+15;1,66E+15;NeedManualLabel
172,17,0,2-142,251,129,78-32894-443-6;172,17,0,2;32894;142,251,129,78;443;6;08/08/2022 18:11;1481688;282;290;639;672667;395;0;2,265957447;25,85705664;23360;0;2319,541379;2326,659967;454418,2041;386,0461852;2594,900175;19540,69088;270125;-724;1481688;5272,911032;35379,48618;522378;1;1406776;4867,737024;27541,81402;270125;0;0;0;0;0;5660;5804;190,3234689;195,7227163;0;23360;1175,054101;2019,898587;4079990,303;1;2;0;220;571;0;0;0;1;1177,108392;2,265957447;2319,541379;0;0;0;673306;290;480180;0;1;0;1175;64240;32129;3;20;0;0;0;0;1,66E+15;0;1,66E+15;1,66E+15;NeedManualLabel
172,17,0,2-8,8,8,8-47711-53-17;172,17,0,2;47711;8,8,8,8;53;17;08/08/2022 18:11;362259;1;1;47;108;47;47;47;0;108;108;108;0;427,8706671;5,520911834;362259;0;362259;362259;0;0;0;0;0;0;0;0;0;0;0;0;0;0;8;8;2,760455917;2,760455917;47;108;67,33333333;35,21836642;1240,333333;0;0;0;0;0;0;0;0;1;101;47;108;0;0;0;0;0;0;0;23;0;54;0;0;0;8;0;0;0;0;1,66E+15;0;1,66E+15;1,66E+15;NeedManualLabel
172,17,0,2-8,8,8,8-50359-53-17;172,17,0,2;50359;8,8,8,8;53;17;08/08/2022 18:11;419897;2;2;56;100;28;28;28;0;56;44;50;8,485281374;371,5196822;9,526145698;139965,6667;193020,4427;360236;375;375;375;0;375;375;360236;360236;0;360236;360236;0;0;0;0;16;16;4,763072849;4,763072849;28;56;36,8;12,77497554;163,2;0;0;0;0;0;0;0;0;1;46;28;50;0;0;0;156;4;371;0;14;0;25;0;0;1;8;0;0;0;0;1,66E+15;0;1,66E+15;1,66E+15;NeedManualLabel
172,17,0,2-91,189,91,38-39518-80-6;172,17,0,2;39518;91,189,91,38;80;6;08/08/2022 18:11;13054549;1017;1330;3181;2070419;1460;0;3,127826942;48,51997907;11680;0;1556,706015;997,3634717;158841,1825;179,7840737;5564,598892;29872,27798;751208;-490;1,31E+07;12848,96555;45278,53272;751307;3;1,28E+07;9652,902182;38796,41979;751279;0;0;0;0;0;20360;26604;77,90387856;101,8801952;0;11680;883,1345826;1075,775994;1157293,989;1;2;0;1074;2346;0;0;0;1;883,5108649;3,127826942;1556,706015;0;0;0;2073600;1339;161658;0;1;0;882;64240;31365;12;20;0;0;0;0;1,66E+15;0;1,66E+15;1,66E+15;NeedManualLabel
91,189,91,38-172,17,0,2-80-39518-6;91,189,91,38;80;172,17,0,2;39518;6;08/08/2022 18:12;166967;2;0;0;0;0;0;0;0;0;0;0;0;0;11,9784149;166967;0;166967;166967;166967;166967;0;166967;166967;0;0;0;0;0;0;0;0;0;40;0;11,9784149;0;0;0;0;0;0;1;0;0;0;2;0;0;0;0;0;0;0;0;0;0;0;0;0;1;0;0;0;31364;0;0;20;0;0;0;0;1,66E+15;0;1,66E+15;1,66E+15;NeedManualLabel
172,17,0,2-8,8,8,8-33190-53-17;172,17,0,2;33190;8,8,8,8;53;17;08/08/2022 18:11;68352;1;1;36;100;36;36;36;0;100;100;100;0;1989,700375;29,26029963;68352;0;68352;68352;0;0;0;0;0;0;0;0;0;0;0;0;0;0;8;8;14,63014981;14,63014981;36;100;57,33333333;36,95041723;1365,333333;0;0;0;0;0;0;0;0;1;86;36;100;0;0;0;0;0;0;0;18;0;50;0;0;0;8;0;0;0;0;1,66E+15;0;1,66E+15;1,66E+15;NeedManualLabel
172,17,0,2-8,8,8,8-43586-53-17;172,17,0,2;43586;8,8,8,8;53;17;08/08/2022 18:11;67102;2;2;44;194;22;22;22;0;97;97;97;0;3546,83914;59,61074186;22367,33333;33022,26879;60307;95;95;95;0;95;95;6700;6700;0;6700;6700;0;0;0;0;16;16;29,80537093;29,80537093;22;97;52;41,07919181;1687,5;0;0;0;0;0;0;0;0;1;65;22;97;0;0;0;238;4;3546;0;11;0;48;0;0;1;8;0;0;0;0;1,66E+15;0;1,66E+15;1,66E+15;NeedManualLabel
172,17,0,2-8,8,8,8-35064-53-17;172,17,0,2;35064;8,8,8,8;53;17;08/08/2022 18:11;73552;2;2;66;438;33;33;33;0;259;179;219;56,56854249;6852,294975;54,38329345;24517,33333;33423,1569;62614;122;122;122;0;122;122;10816;10816;0;10816;10816;0;0;0;0;16;16;27,19164673;27,19164673;33;259;107,4;105,7298444;11178,8;0;0;0;0;0;0;0;0;1;134,25;33;219;0;0;0;504;4;6852;0;16;0;109;0;0;1;8;0;0;0;0;1,66E+15;0;1,66E+15;1,66E+15;NeedManualLabel
172,17,0,2-8,8,8,8-33614-53-17;172,17,0,2;33614;8,8,8,8;53;17;08/08/2022 18:11;52180;2;2;64;108;32;32;32;0;60;48;54;8,485281374;3296,2821;76,65772327;17393,33333;24737,09749;45770;377;377;377;0;377;377;6033;6033;0;6033;6033;0;0;0;0;16;16;38,32886163;38,32886163;32;60;40,8;12,77497554;163,2;0;0;0;0;0;0;0;0;1;51;32;54;0;0;0;172;4;3296;0;16;0;27;0;0;1;8;0;0;0;0;1,66E+15;0;1,66E+15;1,66E+15;NeedManualLabel
91,189,91,39-172,17,0,2-80-55564-6;91,189,91,39;80;172,17,0,2;55564;6;08/08/2022 18:07;8001977;169;123;234633;0;7300;0;1388,360947;678,6883138;0;0;0;0;29321,87883;36,49098217;27498,20275;267797,3488;4514624;-2828;8001977;47630,81548;351976,1341;4514759;0;3487012;28582,06557;68331,26051;415592;180;1;0;0;0;3380;2460;21,11978077;15,37120139;0;7300;805,2320819;857,7772091;735781,7405;1;0;0;161;292;0;0;0;0;807,989726;1388,360947;0;0;0;0;234633;168;67283;0;803;0;0;32515;65535;167;20;0;0;0;0;1,66E+15;0;1,66E+15;1,66E+15;NeedManualLabel
142,251,129,78-172,17,0,2-80-32914-6;142,251,129,78;80;172,17,0,2;32914;6;08/08/2022 18:11;75725;2;0;0;0;0;0;0;0;0;0;0;0;0;26,41135688;75725;0;75725;75725;75725;75725;0;75725;75725;0;0;0;0;0;0;0;0;0;40;0;26,41135688;0;0;0;0;0;0;1;0;0;0;2;0;0;0;0;0;0;0;0;0;0;0;0;0;1;0;0;0;32625;0;0;20;0;0;0;0;1,66E+15;0;1,66E+15;1,66E+15;NeedManualLabel
142,251,129,78-172,17,0,2-443-32894-6;142,251,129,78;443;172,17,0,2;32894;6;08/08/2022 18:11;57549;2;0;0;0;0;0;0;0;0;0;0;0;0;34,7529931;57549;0;57549;57549;57549;57549;0;57549;57549;0;0;0;0;0;0;0;0;0;40;0;34,7529931;0;0;0;0;0;0;1;0;0;0;2;0;0;0;0;0;0;0;0;0;0;0;0;0;1;0;0;0;32128;0;0;20;0;0;0;0;1,66E+15;0;1,66E+15;1,66E+15;NeedManualLabel
142,251,132,78-172,17,0,2-80-56772-6;142,251,132,78;80;172,17,0,2;56772;6;08/08/2022 18:11;68616;2;0;0;0;0;0;0;0;0;0;0;0;0;29,14772065;68616;0;68616;68616;68616;68616;0;68616;68616;0;0;0;0;0;0;0;0;0;40;0;29,14772065;0;0;0;0;0;0;1;0;0;0;2;0;0;0;0;0;0;0;0;0;0;0;0;0;1;0;0;0;32630;0;0;20;0;0;0;0;1,66E+15;0;1,66E+15;1,66E+15;NeedManualLabel
142,250,79,228-172,17,0,2-80-33482-6;142,250,79,228;80;172,17,0,2;33482;6;08/08/2022 18:11;59305;2;0;0;0;0;0;0;0;0;0;0;0;0;33,72396931;59305;0;59305;59305;59305;59305;0;59305;59305;0;0;0;0;0;0;0;0;0;40;0;33,72396931;0;0;0;0;0;0;1;0;0;0;2;0;0;0;0;0;0;0;0;0;0;0;0;0;1;0;0;0;32626;0;0;20;0;0;0;0;1,66E+15;0;1,66E+15;1,66E+15;NeedManualLabel
172,17,0,2-91,189,91,39-55564-80-6;172,17,0,2;55564;91,189,91,39;80;6;08/08/2022 18:08;7365206;2;0;0;0;0;0;0;0;0;0;0;0;0;0,271547055;7365206;0;7365206;7365206;7365206;7365206;0;7365206;7365206;0;0;0;0;0;0;0;0;0;40;0;0,271547055;0;0;0;0;0;0;1;0;0;0;2;0;0;0;0;0;0;0;0;0;0;0;0;0;1;0;0;0;65535;0;0;20;0;0;0;0;8,30E+14;1,17E+15;1,66E+15;7365206;NeedManualLabel
172,17,0,2-91,189,91,39-55556-80-6;172,17,0,2;55556;91,189,91,39;80;6;08/08/2022 18:07;15473463;956;1359;0;2077443;0;0;0;0;13140;180;1528,655629;1079,061575;134258,4398;149,6109824;6686,889801;27353,73247;591105;-2490;1,55E+07;16202,57906;42160,53455;597124;91;1,54E+07;11323,05007;36042,96154;591549;0;0;0;0;0;19120;27180;61,78319617;87,82778619;0;13140;896,996114;1117,977264;1249873,162;1;0;0;1153;2315;0;0;0;1;897,3835853;0;1528,655629;0;0;0;2077443;1359;135103;0;0;0;897;65535;31629;0;20;0;0;0;0;1,66E+15;0;1,66E+15;1,66E+15;NeedManualLabel
91,189,91,39-172,17,0,2-80-55556-6;91,189,91,39;80;172,17,0,2;55556;6;08/08/2022 18:08;424988;2;0;0;0;0;0;0;0;0;0;0;0;0;4,706015229;424988;0;424988;424988;424988;424988;0;424988;424988;0;0;0;0;0;0;0;0;0;40;0;4,706015229;0;0;0;0;0;0;1;0;0;0;2;0;0;0;0;0;0;0;0;0;0;0;0;0;1;0;0;0;31628;0;0;20;0;0;0;0;1,66E+15;0;1,66E+15;1,66E+15;NeedManualLabel
185,125,190,39-172,17,0,2-80-58920-6;185,125,190,39;80;172,17,0,2;58920;6;08/08/2022 18:14;8190749;823;541;1315760;0;11680;20;1598,73633;1188,334096;0;0;0;0;160639,7657;166,5293369;6009,353632;31928,56695;544531;-738;8185846;9958,450122;41574,45236;587592;0;8190560;15167,7037;50350,69526;550578;143;1;0;0;0;16460;10820;100,4792114;66,05012557;0;11680;964,8791209;1209,449898;1462769,056;1;0;0;679;1364;0;0;0;0;965,5865103;1598,73633;0;0;0;0;1315760;823;160735;0;964;0;0;32458;65535;822;20;0;0;0;0;1,66E+15;0;1,66E+15;1,66E+15;NeedManualLabel
172,17,0,2-31,13,74,35-59568-80-6;172,17,0,2;59568;31,13,74,35;80;6;08/08/2022 18:14;765659;5;3;139;385;139;0;27,8;62,16268977;385;0;128,3333333;222,2798536;684,3777713;10,44851559;109379,8571;177169,9285;485948;86;765659;191414,75;212099,9202;485948;364;196466;98233;99470,12512;168569;27897;0;0;0;0;120;64;6,530322245;3,918193347;0;385;58,22222222;130,8804586;17129,69444;1;2;0;2;7;0;0;0;0;65,5;27,8;128,3333333;0;0;0;0;0;0;0;17;0;48;64240;32629;1;20;0;0;0;0;1,66E+15;0;1,66E+15;1,66E+15;NeedManualLabel
31,13,74,35-172,17,0,2-80-59568-6;31,13,74,35;80;172,17,0,2;59568;6;08/08/2022 18:14;74214;2;0;0;0;0;0;0;0;0;0;0;0;0;26,94909316;74214;0;74214;74214;74214;74214;0;74214;74214;0;0;0;0;0;0;0;0;0;40;0;26,94909316;0;0;0;0;0;0;1;0;0;0;2;0;0;0;0;0;0;0;0;0;0;0;0;0;1;0;0;0;32628;0;0;20;0;0;0;0;1,66E+15;0;1,66E+15;1,66E+15;NeedManualLabel
172,17,0,2-31,13,74,35-38034-443-6;172,17,0,2;38034;31,13,74,35;443;6;08/08/2022 18:14;1681191;12;7;641;3859;392;0;53,41666667;116,7814262;1460;0;551,2857143;622,597707;2676,673858;11,30151184;93399,5;282042,2747;1197508;85;1681191;152835,5455;353911,2457;1197508;133;423186;70531;92461,46049;241602;463;0;0;0;0;260;144;7,137796955;4,16371489;0;1460;225;436,7906882;190786,1053;1;2;0;9;18;0;0;0;0;236,8421053;53,41666667;551,2857143;0;0;0;4476;8;10593;0;33;0;203;64240;32151;4;20;0;0;0;0;1,66E+15;0;1,66E+15;1,66E+15;NeedManualLabel
31,13,74,35-172,17,0,2-443-38034-6;31,13,74,35;443;172,17,0,2;38034;6;08/08/2022 18:14;84923;3;1;24;0;24;0;8;13,85640646;0;0;0;0;282,6089516;47,10149194;28307,66667;49029,53441;84922;-90;84923;42461,5;60048,21497;84922;1;0;0;0;0;0;0;0;0;0;60;20;35,32611895;11,77537298;0;24;4,8;10,73312629;115,2;1;0;1;1;3;0;0;0;0;6;8;0;0;0;0;0;0;0;0;6;0;0;32126;0;1;20;0;0;0;0;1,66E+15;0;1,66E+15;1,66E+15;NeedManualLabel
172,17,0,2-157,240,12,35-48702-443-6;172,17,0,2;48702;157,240,12,35;443;6;08/08/2022 18:14;1962456;12;9;832;4348;396;0;69,33333333;122,2949738;2920;0;483,1111111;935,6505016;2639,549626;10,70087686;98122,8;191497,0986;699615;128;1962456;178405,0909;280891,8171;846467;128;1293366;161670,75;227715,8686;699615;719;0;0;0;0;260;184;6,114786777;4,586090083;0;2920;235,4545455;621,3138711;386030,9264;1;2;0;10;20;0;0;0;0;246,6666667;69,33333333;483,1111111;0;0;0;5180;10;2734;0;39;0;207;64240;31960;5;20;0;0;0;0;1,66E+15;0;1,66E+15;1,66E+15;NeedManualLabel
157,240,12,35-172,17,0,2-443-48702-6;157,240,12,35;443;172,17,0,2;48702;6;08/08/2022 18:14;105534;3;1;24;0;24;0;8;13,85640646;0;0;0;0;227,4148616;37,90247693;35178;60929,82218;105533;-271;105534;52767;74622,39283;105533;1;0;0;0;0;0;0;0;0;0;60;20;28,4268577;9,475619232;0;24;4,8;10,73312629;115,2;1;0;1;1;3;0;0;0;0;6;8;0;0;0;0;0;0;0;0;6;0;0;31935;0;1;20;0;0;0;0;1,66E+15;0;1,66E+15;1,66E+15;NeedManualLabel
172,17,0,2-31,13,74,18-39632-443-6;172,17,0,2;39632;31,13,74,18;443;6;08/08/2022 18:14;670853;37;42;655;62054;396;0;17,7027027;72,13831809;4380;0;1477,47619;840,5547889;93476,51423;117,7605228;8600,679487;34863,31995;285933;-341;670853;18634,80556;50000,22951;286126;53;617888;15070,43902;46831,95152;286072;0;0;0;0;0;760;844;55,15366258;62,60686022;0;4380;783,8625;952,6434739;907529,5884;1;2;0;37;78;0;0;0;1;793,7848101;17,7027027;1477,47619;0;0;0;62709;43;101595;0;8;0;785;64240;32113;3;20;0;0;0;0;1,66E+15;0;1,66E+15;1,66E+15;NeedManualLabel
31,13,74,18-172,17,0,2-443-39632-6;31,13,74,18;443;172,17,0,2;39632;6;08/08/2022 18:14;71322;2;0;0;0;0;0;0;0;0;0;0;0;0;28,04183842;71322;0;71322;71322;71322;71322;0;71322;71322;0;0;0;0;0;0;0;0;0;40;0;28,04183842;0;0;0;0;0;0;1;0;0;0;2;0;0;0;0;0;0;0;0;0;0;0;0;0;1;0;0;0;32112;0;0;20;0;0;0;0;1,66E+15;0;1,66E+15;1,66E+15;NeedManualLabel
172,17,0,2-31,13,74,35-38040-443-6;172,17,0,2;38040;31,13,74,35;443;6;08/08/2022 18:14;1245745;11;6;641;3843;392;0;58,27272727;121,2040353;2920;0;640,5;1130,297262;3599,452536;13,64645252;77859,0625;174393,221;578568;91;1245745;124574,5;210344,0117;578568;139;602949;120589,8;188402,6087;454275;540;0;0;0;0;240;124;8,830057516;4,816395009;0;2920;249,1111111;682,4068037;465679,0458;1;2;0;8;16;0;0;0;0;263,7647059;58,27272727;640,5;0;0;0;4484;8;3796;0;37;0;226;64240;32151;4;20;0;0;0;0;1,66E+15;0;1,66E+15;1,66E+15;NeedManualLabel
172,17,0,2-157,240,12,35-48708-443-6;172,17,0,2;48708;157,240,12,35;443;6;08/08/2022 18:14;1316812;12;9;832;4365;396;0;69,33333333;122,2949738;2920;0;485;935,7060169;3946,652977;15,9476068;65840,6;132059,7473;573882;80;1316812;119710,1818;176340,8269;573882;294;619812;77476,5;68822,63145;191899;665;0;0;0;0;260;184;9,112918169;6,834688627;0;2920;236,2272727;621,6690232;386472,3745;1;2;0;9;20;0;0;0;0;247,4761905;69,33333333;485;0;0;0;5197;10;4211;0;39;0;207;64240;31960;5;20;0;0;0;0;1,66E+15;0;1,66E+15;1,66E+15;NeedManualLabel
157,240,12,35-172,17,0,2-443-48708-6;157,240,12,35;443;172,17,0,2;48708;6;08/08/2022 18:14;392450;3;1;24;0;24;0;8;13,85640646;0;0;0;0;61,15428717;10,1923812;130816,6667;226580,6172;392449;-409;392450;196225;277502,6421;392449;1;0;0;0;0;0;0;0;0;0;60;20;7,644285896;2,548095299;0;24;4,8;10,73312629;115,2;1;0;1;1;3;0;0;0;0;6;8;0;0;0;0;0;0;0;0;6;0;0;31935;0;1;20;0;0;0;0;1,66E+15;0;1,66E+15;1,66E+15;NeedManualLabel
172,17,0,2-31,13,74,18-39638-443-6;172,17,0,2;39638;31,13,74,18;443;6;08/08/2022 18:14;1064589;42;45;655;62595;396;0;15,5952381;67,84525417;2920;0;1391;702,4822224;59412,5996;81,72167851;12378,94186;41744,55119;320434;-320;1064589;25965,58537;65776,35834;320808;75;970876;22065,36364;55393,71459;320691;1;0;0;0;0;860;904;39,4518448;42,26983371;0;2920;718,75;854,4731556;730124,3736;1;2;0;41;86;0;0;0;1;727,0114943;15,5952381;1391;0;0;0;63250;45;65198;0;7;0;719;64240;32113;3;20;0;0;0;0;1,66E+15;0;1,66E+15;1,66E+15;NeedManualLabel
31,13,74,18-172,17,0,2-443-39638-6;31,13,74,18;443;172,17,0,2;39638;6;08/08/2022 18:14;166046;2;0;0;0;0;0;0;0;0;0;0;0;0;12,04485504;166046;0;166046;166046;166046;166046;0;166046;166046;0;0;0;0;0;0;0;0;0;40;0;12,04485504;0;0;0;0;0;0;1;0;0;0;2;0;0;0;0;0;0;0;0;0;0;0;0;0;1;0;0;0;32112;0;0;20;0;0;0;0;1,66E+15;0;1,66E+15;1,66E+15;NeedManualLabel
172,17,0,2-31,13,74,35-38046-443-6;172,17,0,2;38046;31,13,74,35;443;6;08/08/2022 18:14;1430836;10;7;641;3841;392;0;64,1;126,1255547;2920;0;548,7142857;1059,911115;3132,434465;11,88116598;89427,25;228282,4012;928527;85;1430836;158981,7778;299508,3779;928527;156;421948;70324,66667;48347,17651;133448;671;0;0;0;0;220;144;6,988921162;4,892244814;0;2920;249;682,3971588;465665,8824;1;2;0;8;16;0;0;0;0;263,6470588;64,1;548,7142857;0;0;0;4482;8;3320;0;37;0;225;64240;32151;4;20;0;0;0;0;1,66E+15;0;1,66E+15;1,66E+15;NeedManualLabel
172,17,0,2-157,240,12,35-48714-443-6;172,17,0,2;48714;157,240,12,35;443;6;08/08/2022 18:14;1540337;13;7;832;4347;396;0;64;118,6570689;2920;0;621;1033,118741;3362,251248;12,98417165;81070,36842;162861,4401;523914;70;1540337;128361,4167;191855,7355;523914;73;910647;151774,5;189510,9828;509052;683;0;0;0;0;280;144;8,43971157;4,544460076;0;2920;246,6190476;634,3679907;402422,7476;1;2;0;10;19;0;0;0;0;258,95;64;621;0;0;0;5179;10;3611;0;41;0;217;64240;31960;5;20;0;0;0;0;1,66E+15;0;1,66E+15;1,66E+15;NeedManualLabel
172,17,0,2-31,13,74,18-39644-443-6;172,17,0,2;39644;31,13,74,18;443;6;08/08/2022 18:14;567460;35;40;655;62081;396;0;18,71428571;74,09833348;5840;0;1552,025;1084,359281;110555,8101;132,1679061;7668,378378;26957,31907;200051;-519;567460;16690;38263,93786;200392;4;485695;12453,71795;34478,60836;200202;0;0;0;0;0;720;804;61,67835618;70,48954992;0;5840;825,4736842;1099,217;1208278,013;1;2;0;34;74;0;0;0;1;836,48;18,71428571;1552,025;0;0;0;62736;41;129391;0;8;0;827;64240;32113;3;20;0;0;0;0;1,66E+15;0;1,66E+15;1,66E+15;NeedManualLabel
157,240,12,35-172,17,0,2-443-48714-6;157,240,12,35;443;172,17,0,2;48714;6;08/08/2022 18:14;143563;3;1;24;0;24;0;8;13,85640646;0;0;0;0;167,1739933;27,86233222;47854,33333;82884,88098;143561;-280;143563;71781,5;101511,5424;143561;2;0;0;0;0;0;0;0;0;0;60;20;20,89674916;6,965583054;0;24;4,8;10,73312629;115,2;1;0;1;1;3;0;0;0;0;6;8;0;0;0;0;0;0;0;0;6;0;0;31935;0;1;20;0;0;0;0;1,66E+15;0;1,66E+15;1,66E+15;NeedManualLabel
31,13,74,18-172,17,0,2-443-39644-6;31,13,74,18;443;172,17,0,2;39644;6;08/08/2022 18:14;89778;2;0;0;0;0;0;0;0;0;0;0;0;0;22,27717258;89778;0;89778;89778;89778;89778;0;89778;89778;0;0;0;0;0;0;0;0;0;40;0;22,27717258;0;0;0;0;0;0;1;0;0;0;2;0;0;0;0;0;0;0;0;0;0;0;0;0;1;0;0;0;32112;0;0;20;0;0;0;0;1,66E+15;0;1,66E+15;1,66E+15;NeedManualLabel
172,17,0,2-138,1,33,162-55126-80-6;172,17,0,2;55126;138,1,33,162;80;6;08/08/2022 18:14;812180;5;3;74;333;74;0;14,8;33,09380607;333;0;111;192,2576396;501,1204413;9,850033244;116025,7143;210807,7197;567156;85;812180;203045;268596,2481;567300;261;244269;122134,5;97609,72718;191155;53114;0;0;0;0;120;64;6,156270777;3,693762466;0;333;45,22222222;110,6568771;12244,94444;1;2;0;2;7;0;0;0;0;50,875;14,8;111;0;0;0;0;0;0;0;9;0;41;64240;32694;1;20;0;0;0;0;1,66E+15;0;1,66E+15;1,66E+15;NeedManualLabel
138,1,33,162-172,17,0,2-80-55126-6;138,1,33,162;80;172,17,0,2;55126;6;08/08/2022 18:14;241968;2;0;0;0;0;0;0;0;0;0;0;0;0;8,265555776;241968;0;241968;241968;241968;241968;0;241968;241968;0;0;0;0;0;0;0;0;0;40;0;8,265555776;0;0;0;0;0;0;1;0;0;0;2;0;0;0;0;0;0;0;0;0;0;0;0;0;1;0;0;0;32693;0;0;20;0;0;0;0;1,66E+15;0;1,66E+15;1,66E+15;NeedManualLabel
172,17,0,2-8,8,8,8-37732-53-17;172,17,0,2;37732;8,8,8,8;53;17;08/08/2022 18:14;73205;2;2;56;137;28;28;28;0;93;44;68,5;34,64823228;2636,431938;54,64107643;24401,66667;39164,66561;69593;330;330;330;0;330;330;3282;3282;0;3282;3282;0;0;0;0;16;16;27,32053821;27,32053821;28;93;44,2;28,14604768;792,2;0;0;0;0;0;0;0;0;1;55,25;28;68,5;0;0;0;193;4;2636;0;14;0;34;0;0;1;8;0;0;0;0;1,66E+15;0;1,66E+15;1,66E+15;NeedManualLabel
172,17,0,2-8,8,8,8-35575-53-17;172,17,0,2;35575;8,8,8,8;53;17;08/08/2022 18:14;97265;2;2;68;170;34;34;34;0;91;79;85;8,485281374;2446,923354;41,12476225;32421,66667;46335,7021;85525;211;211;211;0;211;211;11529;11529;0;11529;11529;0;0;0;0;16;16;20,56238112;20,56238112;34;91;54,4;28,25420323;798,3;0;0;0;0;0;0;0;0;1;68;34;85;0;0;0;238;4;2446;0;17;0;42;0;0;1;8;0;0;0;0;1,66E+15;0;1,66E+15;1,66E+15;NeedManualLabel
31,13,74,35-172,17,0,2-443-38046-6;31,13,74,35;443;172,17,0,2;38046;6;08/08/2022 18:14;78417;2;1;24;0;24;0;12;16,97056275;0;0;0;0;306,0560848;38,2570106;39208,5;55235,64621;78266;151;78266;78266;0;78266;78266;0;0;0;0;0;0;0;0;0;40;20;25,50467373;12,75233687;0;24;6;12;144;0;0;1;1;2;0;0;0;0;8;12;0;0;0;0;0;0;0;0;8;0;0;32126;0;1;20;0;0;0;0;1,66E+15;0;1,66E+15;1,66E+15;NeedManualLabel
172,17,0,2-8,8,8,8-54404-53-17;172,17,0,2;54404;8,8,8,8;53;17;08/08/2022 18:14;87493;2;2;68;198;34;34;34;0;105;93;99;8,485281374;3040,243219;45,71794315;29164,33333;31330,57166;62348;93;93;93;0;93;93;25052;25052;0;25052;25052;0;0;0;0;16;16;22,85897157;22,85897157;34;105;60;35,85387008;1285,5;0;0;0;0;0;0;0;0;1;75;34;99;0;0;0;266;4;3040;0;17;0;49;0;0;1;8;0;0;0;0;1,66E+15;0;1,66E+15;1,66E+15;NeedManualLabel
172,17,0,2-8,8,8,8-44518-53-17;172,17,0,2;44518;8,8,8,8;53;17;08/08/2022 18:14;88731;2;2;60;104;30;30;30;0;58;46;52;8,485281374;1848,283013;45,08007348;29577;51150,94337;88641;1;89;89;0;89;89;1;1;0;1;1;0;0;0;0;16;16;22,54003674;22,54003674;30;58;38,8;12,77497554;163,2;0;0;0;0;0;0;0;0;1;48,5;30;52;0;0;0;164;4;1848;0;15;0;26;0;0;1;8;0;0;0;0;1,66E+15;0;1,66E+15;1,66E+15;NeedManualLabel
185,125,190,39-172,17,0,2-80-58920-6;185,125,190,39;80;172,17,0,2;58920;6;08/08/2022 18:14;821;2;2;2600;0;1460;1140;1300;226,27417;0;0;0;0;3166869,671;4872,107186;273,6666667;938,489389;819;-810;2;2;0;2;2;9;9;0;9;9;1;0;0;0;40;40;2436,053593;2436,053593;0;1460;748;695,2121978;483320;0;0;2;2;2;0;0;0;1;935;1300;0;0;0;0;0;0;0;0;650;0;0;32457;0;1;20;0;0;0;0;1,66E+15;0;1,66E+15;1,66E+15;NeedManualLabel
172,17,0,2-8,8,8,8-34146-53-17;172,17,0,2;34146;8,8,8,8;53;17;08/08/2022 18:14;101599;2;2;68;198;34;34;34;0;105;93;99;8,485281374;2618,136005;39,37046624;33866,33333;38916,02429;76457;162;162;162;0;162;162;24980;24980;0;24980;24980;0;0;0;0;16;16;19,68523312;19,68523312;34;105;60;35,85387008;1285,5;0;0;0;0;0;0;0;0;1;75;34;99;0;0;0;266;4;2618;0;17;0;49;0;0;1;8;0;0;0;0;1,66E+15;0;1,66E+15;1,66E+15;NeedManualLabel
172,17,0,2-8,8,8,8-50328-53-17;172,17,0,2;50328;8,8,8,8;53;17;08/08/2022 18:14;168509;2;2;60;104;30;30;30;0;58;46;52;8,485281374;973,2417853;23,73760452;56169,66667;97202,12632;168409;1;99;99;0;99;99;1;1;0;1;1;0;0;0;0;16;16;11,86880226;11,86880226;30;58;38,8;12,77497554;163,2;0;0;0;0;0;0;0;0;1;48,5;30;52;0;0;0;164;4;973;0;15;0;26;0;0;1;8;0;0;0;0;1,66E+15;0;1,66E+15;1,66E+15;NeedManualLabel
172,17,0,2-8,8,8,8-55613-53-17;172,17,0,2;55613;8,8,8,8;53;17;08/08/2022 18:14;116073;2;2;60;104;30;30;30;0;58;46;52;8,485281374;1412,903948;34,46107191;38691;58514,22783;106018;106;106;106;0;106;106;9949;9949;0;9949;9949;0;0;0;0;16;16;17,23053596;17,23053596;30;58;38,8;12,77497554;163,2;0;0;0;0;0;0;0;0;1;48,5;30;52;0;0;0;164;4;1412;0;15;0;26;0;0;1;8;0;0;0;0;1,66E+15;0;1,66E+15;1,66E+15;NeedManualLabel
172,17,0,2-8,8,8,8-49914-53-17;172,17,0,2;49914;8,8,8,8;53;17;08/08/2022 18:14;99898;2;2;68;170;34;34;34;0;91;79;85;8,485281374;2382,430079;40,04084166;33299,33333;40550,50926;78484;72;72;72;0;72;72;21342;21342;0;21342;21342;0;0;0;0;16;16;20,02042083;20,02042083;34;91;54,4;28,25420323;798,3;0;0;0;0;0;0;0;0;1;68;34;85;0;0;0;238;4;2382;0;17;0;42;0;0;1;8;0;0;0;0;1,66E+15;0;1,66E+15;1,66E+15;NeedManualLabel
31,13,74,35-172,17,0,2-443-38040-6;31,13,74,35;443;172,17,0,2;38040;6;08/08/2022 18:14;70688;2;1;24;0;24;0;12;16,97056275;0;0;0;0;339,5201449;42,44001811;35344;49794,45953;70554;134;70554;70554;0;70554;70554;0;0;0;0;0;0;0;0;0;40;20;28,29334541;14,1466727;0;24;6;12;144;0;0;1;1;2;0;0;0;0;8;12;0;0;0;0;0;0;0;0;8;0;0;32126;0;1;20;0;0;0;0;1,66E+15;0;1,66E+15;1,66E+15;NeedManualLabel
172,17,0,2-8,8,8,8-55166-53-17;172,17,0,2;55166;8,8,8,8;53;17;08/08/2022 18:14;119240;2;2;68;170;34;34;34;0;91;79;85;8,485281374;1995,974505;33,54579;39746,66667;37275,32034;74179;164;164;164;0;164;164;44897;44897;0;44897;44897;0;0;0;0;16;16;16,772895;16,772895;34;91;54,4;28,25420323;798,3;0;0;0;0;0;0;0;0;1;68;34;85;0;0;0;238;4;1995;0;17;0;42;0;0;1;8;0;0;0;0;1,66E+15;0;1,66E+15;1,66E+15;NeedManualLabel
172,17,0,2-8,8,8,8-47208-53-17;172,17,0,2;47208;8,8,8,8;53;17;08/08/2022 18:14;112693;2;2;68;198;34;34;34;0;105;93;99;8,485281374;2360,395056;35,49466249;37564,33333;34771,71946;68830;116;116;116;0;116;116;43747;43747;0;43747;43747;0;0;0;0;16;16;17,74733125;17,74733125;34;105;60;35,85387008;1285,5;0;0;0;0;0;0;0;0;1;75;34;99;0;0;0;266;4;2360;0;17;0;49;0;0;1;8;0;0;0;0;1,66E+15;0;1,66E+15;1,66E+15;NeedManualLabel
172,17,0,2-8,8,8,8-42618-53-17;172,17,0,2;42618;8,8,8,8;53;17;08/08/2022 18:12;569585;2;2;74;118;37;37;37;0;65;53;59;8,485281374;337,0875286;7,022656847;189861,6667;238246,4228;457237;101;101;101;0;101;101;112247;112247;0;112247;112247;0;0;0;0;16;16;3,511328423;3,511328423;37;65;45,8;12,77497554;163,2;0;0;0;0;0;0;0;0;1;57,25;37;59;0;0;0;192;4;337;0;18;0;29;0;0;1;8;0;0;0;0;1,66E+15;0;1,66E+15;1,66E+15;NeedManualLabel
172,17,0,2-196,200,160,70-58308-443-6;172,17,0,2;58308;196,200,160,70;443;6;08/08/2022 18:12;58917336;3160;5161;707;1,20E+07;399;0;0,223734177;8,22901121;46720;0;2318,422593;3568,425186;203099,5767;141,231776;7081,410577;40018,93536;1005324;-1818;5,89E+07;18650,62868;64448,87352;1005407;-20;5,86E+07;11362,39574;50982,17373;1005402;0;0;0;0;0;63220;103224;53,63446847;87,59730752;0;46720;1437,885845;3026,955578;9162460,072;0;2;0;4171;8320;0;0;0;1;1438,058647;0,223734177;2318,422593;0;0;0;5983043;2580;207657;0;0;0;1437;64240;32061;3;20;0;0;0;0;1,66E+15;0;1,66E+15;1,66E+15;NeedManualLabel
172,17,0,2-91,189,91,39-55560-80-6;172,17,0,2;55560;91,189,91,39;80;6;08/08/2022 18:07;239776;3;1;0;0;0;0;0;0;0;0;0;0;0;16,68223675;79925,33333;138045,0445;239326;155;239776;119888;169130,0426;239481;295;0;0;0;0;0;0;0;0;0;80;24;12,51167757;4,170559189;0;0;0;0;0;1;2;0;0;3;0;0;0;0;0;0;0;0;0;0;0;0;0;0;0;0;0;64240;32768;0;20;0;0;0;0;1,66E+15;0;1,66E+15;1,66E+15;NeedManualLabel
172,17,0,2-91,189,91,38-39492-80-6;172,17,0,2;39492;91,189,91,38;80;6;08/08/2022 18:07;10635029;571;632;472;1000568;257;0;0,826619965;14,01026161;20440;0;1583,177215;973,0669848;94126,68268;113,1167578;8847,77787;35937,29619;675288;-1003;1,06E+07;18619,39474;52696,6361;675577;2;1,01E+07;16075,47227;45671,54861;675550;0;0;0;0;0;11440;12644;53,69049769;59,42626014;0;20440;831,4285714;1059,08716;1121665,612;1;2;0;539;1202;0;0;0;1;832,1197007;0,826619965;1583,177215;0;0;0;1001040;631;98694;0;0;0;831;64240;32296;2;20;0;0;0;0;1,66E+15;0;1,66E+15;1,66E+15;NeedManualLabel
172,17,0,2-91,189,91,38-39492-80-6;172,17,0,2;39492;91,189,91,38;80;6;08/08/2022 18:07;15080;2;0;0;0;0;0;0;0;0;0;0;0;0;132,6259947;15080;0;15080;15080;15080;15080;0;15080;15080;0;0;0;0;0;0;0;0;0;40;0;132,6259947;0;0;0;0;0;0;1;0;0;0;2;0;0;0;0;0;0;0;0;0;0;0;0;0;1;0;0;0;65535;0;0;20;0;0;0;0;1,66E+15;0;1,66E+15;1,66E+15;NeedManualLabel
172,17,0,2-185,125,190,39-58892-80-6;172,17,0,2;58892;185,125,190,39;80;6;08/08/2022 18:07;276698;2;1;0;0;0;0;0;0;0;0;0;0;0;10,84214559;138349;195537,6524;276615;83;276698;276698;0;276698;276698;0;0;0;0;0;0;0;0;0;60;24;7,228097059;3,614048529;0;0;0;0;0;0;2;1;0;1;0;0;0;0;0;0;0;0;0;0;0;0;0;0;0;0;0;64240;32768;0;20;0;0;0;0;1,66E+15;0;1,66E+15;1,66E+15;NeedManualLabel
172,17,0,2-8,8,8,8-55137-53-17;172,17,0,2;55137;8,8,8,8;53;17;08/08/2022 18:07;71987;1;1;41;41;41;41;41;0;41;41;41;0;1139,094559;27,78279412;71987;0;71987;71987;0;0;0;0;0;0;0;0;0;0;0;0;0;0;8;8;13,89139706;13,89139706;41;41;41;0;0;0;0;0;0;0;0;0;0;1;61,5;41;41;0;0;0;0;0;0;0;20;0;20;0;0;0;8;0;0;0;0;1,66E+15;0;1,66E+15;1,66E+15;NeedManualLabel
172,17,0,2-8,8,8,8-42913-53-17;172,17,0,2;42913;8,8,8,8;53;17;08/08/2022 18:07;61514;1;1;37;101;37;37;37;0;101;101;101;0;2243,391748;32,51292389;61514;0;61514;61514;0;0;0;0;0;0;0;0;0;0;0;0;0;0;8;8;16,25646194;16,25646194;37;101;58,33333333;36,95041723;1365,333333;0;0;0;0;0;0;0;0;1;87,5;37;101;0;0;0;0;0;0;0;18;0;50;0;0;0;8;0;0;0;0;1,66E+15;0;1,66E+15;1,66E+15;NeedManualLabel
172,17,0,2-91,189,91,39-55556-80-6;172,17,0,2;55556;91,189,91,39;80;6;08/08/2022 18:07;33362833;1000;1229;1139;1819382;506;0;1,139;19,7166535;11680;0;1480,375915;910,2144575;54567,33845;66,81087305;14974,34156;61449,04579;1068762;-1064;3,33E+07;33372,39339;91281,47074;1069399;2;3,29E+07;26776,74104;82185,85309;1069446;0;0;0;0;0;20020;24584;29,97347378;36,83739927;0;11680;816,37713;999,0828903;998166,6217;0;2;0;1086;2228;0;0;0;1;816,7433827;1,139;1480,375915;0;0;0;910260;614;57238;0;0;0;816;64240;31629;4;20;0;0;0;0;1,66E+15;0;1,66E+15;1,66E+15;NeedManualLabel
172,17,0,2-91,189,91,39-55564-80-6;172,17,0,2;55564;91,189,91,39;80;6;08/08/2022 18:07;22715061;948;1185;253;1812200;253;0;0,266877637;8,217058001;20440;0;1529,2827;1057,547201;79790,80488;93,90245529;10654,34381;51401,25537;1124501;-3197;2,27E+07;23986,33685;75648,95292;1124647;2;2,22E+07;18736,86993;66395,56381;1124583;0;0;0;0;0;18980;23704;41,73442457;52,16803072;0;20440;849,3219306;1094,731628;1198437,337;0;2;0;1005;2132;0;0;0;1;849,7201125;0,266877637;1529,2827;0;0;0;906226;592;86074;0;0;0;849;64240;32515;1;20;0;0;0;0;1,66E+15;0;1,66E+15;1,66E+15;NeedManualLabel
172,17,0,2-8,8,8,8-41220-53-17;172,17,0,2;41220;8,8,8,8;53;17;08/08/2022 18:07;72448;1;1;48;109;48;48;48;0;109;109;109;0;2167,071555;27,60600707;72448;0;72448;72448;0;0;0;0;0;0;0;0;0;0;0;0;0;0;8;8;13,80300353;13,80300353;48;109;68,33333333;35,21836642;1240,333333;0;0;0;0;0;0;0;0;1;102,5;48;109;0;0;0;0;0;0;0;24;0;54;0;0;0;8;0;0;0;0;1,66E+15;0;1,66E+15;1,66E+15;NeedManualLabel
172,17,0,2-8,8,8,8-54031-53-17;172,17,0,2;54031;8,8,8,8;53;17;08/08/2022 18:07;72394;1;1;47;108;47;47;47;0;108;108;108;0;2141,061414;27,62659889;72394;0;72394;72394;0;0;0;0;0;0;0;0;0;0;0;0;0;0;8;8;13,81329944;13,81329944;47;108;67,33333333;35,21836642;1240,333333;0;0;0;0;0;0;0;0;1;101;47;108;0;0;0;0;0;0;0;23;0;54;0;0;0;8;0;0;0;0;1,66E+15;0;1,66E+15;1,66E+15;NeedManualLabel
172,17,0,2-185,125,190,36-48048-80-6;172,17,0,2;48048;185,125,190,36;80;6;08/08/2022 18:07;469349;2;1;0;0;0;0;0;0;0;0;0;0;0;6,391832091;234674,5;331705,9124;469226;123;469349;469349;0;469349;469349;0;0;0;0;0;0;0;0;0;60;24;4,261221394;2,130610697;0;0;0;0;0;0;2;1;0;1;0;0;0;0;0;0;0;0;0;0;0;0;0;0;0;0;0;64240;32768;0;20;0;0;0;0;1,66E+15;0;1,66E+15;1,66E+15;NeedManualLabel
172,17,0,2-8,8,8,8-53172-53-17;172,17,0,2;53172;8,8,8,8;53;17;08/08/2022 18:07;73962;2;2;56;100;28;28;28;0;56;44;50;8,485281374;2109,191206;54,0818258;24654;32260,4148;61413;1048;1048;1048;0;1048;1048;11501;11501;0;11501;11501;0;0;0;0;16;16;27,0409129;27,0409129;28;56;36,8;12,77497554;163,2;0;0;0;0;0;0;0;0;1;46;28;50;0;0;0;156;4;2109;0;14;0;25;0;0;1;8;0;0;0;0;1,66E+15;0;1,66E+15;1,66E+15;NeedManualLabel
172,17,0,2-8,8,8,8-59442-53-17;172,17,0,2;59442;8,8,8,8;53;17;08/08/2022 18:07;75859;1;1;41;41;41;41;41;0;41;41;41;0;1080,95282;26,36470294;75859;0;75859;75859;0;0;0;0;0;0;0;0;0;0;0;0;0;0;8;8;13,18235147;13,18235147;41;41;41;0;0;0;0;0;0;0;0;0;0;1;61,5;41;41;0;0;0;0;0;0;0;20;0;20;0;0;0;8;0;0;0;0;1,66E+15;0;1,66E+15;1,66E+15;NeedManualLabel
172,17,0,2-8,8,8,8-44385-53-17;172,17,0,2;44385;8,8,8,8;53;17;08/08/2022 18:07;61398;1;1;36;100;36;36;36;0;100;100;100;0;2215,055865;32,57435096;61398;0;61398;61398;0;0;0;0;0;0;0;0;0;0;0;0;0;0;8;8;16,28717548;16,28717548;36;100;57,33333333;36,95041723;1365,333333;0;0;0;0;0;0;0;0;1;86;36;100;0;0;0;0;0;0;0;18;0;50;0;0;0;8;0;0;0;0;1,66E+15;0;1,66E+15;1,66E+15;NeedManualLabel
172,17,0,2-185,125,190,39-58886-80-6;172,17,0,2;58886;185,125,190,39;80;6;08/08/2022 18:07;326558;2;1;0;0;0;0;0;0;0;0;0;0;0;9,186729463;163279;230796,825;326477;81;326558;326558;0;326558;326558;0;0;0;0;0;0;0;0;0;60;24;6,124486309;3,062243154;0;0;0;0;0;0;2;1;0;1;0;0;0;0;0;0;0;0;0;0;0;0;0;0;0;0;0;64240;32768;0;20;0;0;0;0;1,66E+15;0;1,66E+15;1,66E+15;NeedManualLabel
172,17,0,2-142,250,218,142-0-0-0;172,17,0,2;0;142,250,218,142;0;0;08/08/2022 18:07;4107022;5;0;0;0;0;0;0;0;0;0;0;0;0;1,217427128;1026755,5;5344,442378;1034565;1022705;4107022;1026755,5;5344,442378;1034565;1022705;0;0;0;0;0;0;0;0;0;0;0;1,217427128;0;0;0;0;0;0;0;0;0;0;0;0;0;0;0;0;0;0;0;0;0;0;0;0;1;0;0;0;0;0;0;0;0;0;0;0;1,66E+15;0;1,66E+15;1,66E+15;NeedManualLabel
196,200,160,70-172,17,0,2-443-58308-6;196,200,160,70;443;172,17,0,2;58308;6;08/08/2022 18:13;8499072;382;262;717508;0;35040;410;1878,293194;2323,631604;0;0;0;0;84421,92277;75,77297851;13217,84137;45633,07784;521850;-351;8491580;22287,61155;59364,70896;522294;0;8476224;32475,95402;69241,0165;522033;272;1;0;0;0;7640;5240;44,94608353;30,82689498;0;35040;1114,613953;2011,417598;4045800,753;1;0;0;336;644;0;0;0;0;1116,34472;1878,293194;0;0;0;0;717508;382;84496;0;1114;0;0;32061;65535;381;20;0;0;0;0;1,66E+15;0;1,66E+15;1,66E+15;NeedManualLabel
172,17,0,2-20,201,28,151-36416-443-6;172,17,0,2;36416;20,201,28,151;443;6;08/08/2022 18:13;693355;168;169;613;311019;390;0;3,648809524;32,76118265;7300;0;1840,349112;1123,57298;449455,1853;486,0425035;2063,556548;7206,351761;66975;-3607;693355;4151,826347;10044,27199;70510;2;634766;3778,369048;9178,325931;67070;0;0;0;0;0;3380;3384;242,3001204;243,7423831;0;7300;921,9881657;1214,807173;1475756,469;1;2;0;156;336;0;0;0;1;924,7240356;3,648809524;1840,349112;0;0;0;311632;170;491477;0;1;0;922;64240;32155;3;20;0;0;0;0;1,66E+15;0;1,66E+15;1,66E+15;NeedManualLabel
172,17,0,2-20,201,28,151-36418-443-6;172,17,0,2;36418;20,201,28,151;443;6;08/08/2022 18:13;770619;162;171;613;311447;390;0;3,783950617;33,35834408;7300;0;1821,327485;1076,354216;404947,1918;432,1201528;2321,141566;8318,317412;80408;-5467;770619;4786,453416;12077,73719;80556;3;697447;4102,629412;10045,29511;81062;0;0;0;0;0;3260;3424;210,2206149;221,8995379;0;7300;934,3113772;1191,585586;1419876,209;1;2;0;148;332;0;0;0;1;937,1171171;3,783950617;1821,327485;0;0;0;312060;172;447851;0;1;0;935;64240;32155;3;20;0;0;0;0;1,66E+15;0;1,66E+15;1,66E+15;NeedManualLabel
20,201,28,151-172,17,0,2-443-36418-6;20,201,28,151;443;172,17,0,2;36418;6;08/08/2022 18:13;68755;3;1;24;0;24;0;8;13,85640646;0;0;0;0;349,0655225;58,17758708;22918,33333;39694,94817;68754;-87;68755;34377,5;48615,71253;68754;1;0;0;0;0;0;0;0;0;0;60;20;43,63319031;14,54439677;0;24;4,8;10,73312629;115,2;1;0;1;1;3;0;0;0;0;6;8;0;0;0;0;0;0;0;0;6;0;0;32154;0;1;20;0;0;0;0;1,66E+15;0;1,66E+15;1,66E+15;NeedManualLabel
172,17,0,2-20,201,28,151-36420-443-6;172,17,0,2;36420;20,201,28,151;443;6;08/08/2022 18:13;1053449;167;171;613;311278;390;0;3,670658683;32,85848502;5840;0;1820,339181;964,4911195;296066,5395;320,8508433;3125,961424;13076,50049;183745;-512;1053449;6346,078313;18560,84058;183831;-4;981730;5774,882353;17354,11853;183985;1;0;0;0;0;3360;3424;158,5268959;162,3239473;0;5840;920,0324484;1138,36344;1295871,321;1;2;0;155;337;0;0;0;1;922,7544379;3,670658683;1820,339181;0;0;0;311891;172;317918;0;1;0;920;64240;32155;3;20;0;0;0;0;1,66E+15;0;1,66E+15;1,66E+15;NeedManualLabel
20,201,28,151-172,17,0,2-443-36420-6;20,201,28,151;443;172,17,0,2;36420;6;08/08/2022 18:13;68198;3;1;24;0;24;0;8;13,85640646;0;0;0;0;351,9164785;58,65274641;22732,66667;39372,49995;68196;-87;68198;34099;48220,43984;68196;2;0;0;0;0;0;0;0;0;0;60;20;43,98955981;14,6631866;0;24;4,8;10,73312629;115,2;1;0;1;1;3;0;0;0;0;6;8;0;0;0;0;0;0;0;0;6;0;0;32154;0;1;20;0;0;0;0;1,66E+15;0;1,66E+15;1,66E+15;NeedManualLabel
172,17,0,2-20,201,28,151-36422-443-6;172,17,0,2;36422;20,201,28,151;443;6;08/08/2022 18:13;1268835;175;179;613;311336;390;0;3,502857143;32,10343812;7300;0;1739,307263;1026,391246;245854,662;278,996087;3594,433428;12968,08076;166190;-412;1268835;7292,155172;18150,54102;166339;3;1212375;6811,095506;18637,75381;167906;0;0;0;0;0;3520;3584;137,9217944;141,0742926;0;7300;878,7295775;1133,828685;1285567,486;1;2;0;156;353;0;0;0;1;881,2118644;3,502857143;1739,307263;0;0;0;311949;180;257474;0;1;0;879;64240;32155;3;20;0;0;0;0;1,66E+15;0;1,66E+15;1,66E+15;NeedManualLabel
20,201,28,151-172,17,0,2-443-36422-6;20,201,28,151;443;172,17,0,2;36422;6;08/08/2022 18:13;75679;2;0;24;0;24;0;12;16,97056275;0;0;0;0;317,1289261;26,42741051;75679;0;75679;75679;75679;75679;0;75679;75679;0;0;0;0;0;0;0;0;0;40;0;26,42741051;0;0;24;8;13,85640646;192;1;0;0;1;2;0;0;0;0;12;12;0;0;0;0;0;0;0;1;12;0;0;32154;0;1;20;0;0;0;0;1,66E+15;0;1,66E+15;1,66E+15;NeedManualLabel
172,17,0,2-20,201,28,151-36424-443-6;172,17,0,2;36424;20,201,28,151;443;6;08/08/2022 18:13;779281;166;169;613;311364;390;0;3,692771084;32,95665945;5840;0;1842,390533;1025,943991;400339,5438;429,8834438;2333,176647;9042,97195;108503;-485;779281;4722,915152;12543,06654;108639;2;715417;4258,434524;11605,37119;109217;0;0;0;0;0;3340;3384;213,0168707;216,8665732;0;5840;928,5029762;1173,073842;1376102,239;1;2;0;147;334;0;0;0;1;931,2746269;3,692771084;1842,390533;0;0;0;311977;170;436512;0;1;0;929;64240;32155;3;20;0;0;0;0;1,66E+15;0;1,66E+15;1,66E+15;NeedManualLabel
20,201,28,151-172,17,0,2-443-36424-6;20,201,28,151;443;172,17,0,2;36424;6;08/08/2022 18:13;63876;2;0;0;0;0;0;0;0;0;0;0;0;0;31,31066441;63876;0;63876;63876;63876;63876;0;63876;63876;0;0;0;0;0;0;0;0;0;40;0;31,31066441;0;0;0;0;0;0;1;0;0;0;2;0;0;0;0;0;0;0;0;0;0;0;0;0;1;0;0;0;32154;0;0;20;0;0;0;0;1,66E+15;0;1,66E+15;1,66E+15;NeedManualLabel
172,17,0,2-8,8,8,8-49018-53-17;172,17,0,2;49018;8,8,8,8;53;17;08/08/2022 18:13;74450;2;2;56;156;28;28;28;0;112;44;78;48,08326112;2847,54869;53,72733378;24816,66667;37736,50782;68255;118;118;118;0;118;118;6077;6077;0;6077;6077;0;0;0;0;16;16;26,86366689;26,86366689;28;112;48;36,44173432;1328;0;0;0;0;0;0;0;0;1;60;28;78;0;0;0;212;4;2847;0;14;0;39;0;0;1;8;0;0;0;0;1,66E+15;0;1,66E+15;1,66E+15;NeedManualLabel
172,17,0,2-8,8,8,8-52672-53-17;172,17,0,2;52672;8,8,8,8;53;17;08/08/2022 18:13;73499;2;2;56;156;28;28;28;0;112;44;78;48,08326112;2884,392985;54,42250915;24499,66667;32559,57473;61541;404;404;404;0;404;404;11554;11554;0;11554;11554;0;0;0;0;16;16;27,21125457;27,21125457;28;112;48;36,44173432;1328;0;0;0;0;0;0;0;0;1;60;28;78;0;0;0;212;4;2884;0;14;0;39;0;0;1;8;0;0;0;0;1,66E+15;0;1,66E+15;1,66E+15;NeedManualLabel
20,201,28,151-172,17,0,2-443-36416-6;20,201,28,151;443;172,17,0,2;36416;6;08/08/2022 18:13;73959;2;1;24;0;24;0;12;16,97056275;0;0;0;0;324,5041171;40,56301464;36979,5;52151,24643;73856;103;73856;73856;0;73856;73856;0;0;0;0;0;0;0;0;0;40;20;27,04200976;13,52100488;0;24;6;12;144;0;0;1;1;2;0;0;0;0;8;12;0;0;0;0;0;0;0;0;8;0;0;32154;0;1;20;0;0;0;0;1,66E+15;0;1,66E+15;1,66E+15;NeedManualLabel
196,200,160,70-172,17,0,2-443-58308-6;196,200,160,70;443;172,17,0,2;58308;6;08/08/2022 18:13;6431;3;2;4380;0;2920;0;1460;1460;0;0;0;0;681076,0379;777,4840616;1607,75;2618,603492;5530;121;6115;3057,5;3496,643033;5530;585;437;437;0;437;437;0;0;0;0;60;40;466,4904369;310,9936246;0;2920;730;1221,523639;1492120;0;0;2;2;3;0;0;0;0;876;1460;0;0;0;0;0;0;0;0;876;0;0;32060;0;2;20;0;0;0;0;1,66E+15;0;1,66E+15;1,66E+15;NeedManualLabel
172,17,0,2-8,8,8,8-50230-53-17;172,17,0,2;50230;8,8,8,8;53;17;08/08/2022 18:13;94148;1;1;47;108;47;47;47;0;108;108;108;0;1646,344054;21,24314908;94148;0;94148;94148;0;0;0;0;0;0;0;0;0;0;0;0;0;0;8;8;10,62157454;10,62157454;47;108;67,33333333;35,21836642;1240,333333;0;0;0;0;0;0;0;0;1;101;47;108;0;0;0;0;0;0;0;23;0;54;0;0;0;8;0;0;0;0;1,66E+15;0;1,66E+15;1,66E+15;NeedManualLabel
172,17,0,2-8,8,8,8-34882-53-17;172,17,0,2;34882;8,8,8,8;53;17;08/08/2022 18:13;72222;2;2;56;156;28;28;28;0;112;44;78;48,08326112;2935,393647;55,3847858;24074;38812,90222;68849;1;3372;3372;0;3372;3372;1;1;0;1;1;0;0;0;0;16;16;27,6923929;27,6923929;28;112;48;36,44173432;1328;0;0;0;0;0;0;0;0;1;60;28;78;0;0;0;212;4;2935;0;14;0;39;0;0;1;8;0;0;0;0;1,66E+15;0;1,66E+15;1,66E+15;NeedManualLabel
172,17,0,2-8,8,8,8-34536-53-17;172,17,0,2;34536;8,8,8,8;53;17;08/08/2022 18:13;65374;2;2;56;156;28;28;28;0;112;44;78;48,08326112;3242,879432;61,18640438;21791,33333;37645,01125;65260;1;113;113;0;113;113;1;1;0;1;1;0;0;0;0;16;16;30,59320219;30,59320219;28;112;48;36,44173432;1328;0;0;0;0;0;0;0;0;1;60;28;78;0;0;0;212;4;3242;0;14;0;39;0;0;1;8;0;0;0;0;1,66E+15;0;1,66E+15;1,66E+15;NeedManualLabel
172,17,0,2-8,8,8,8-46422-53-17;172,17,0,2;46422;8,8,8,8;53;17;08/08/2022 18:13;61455;1;1;36;100;36;36;36;0;100;100;100;0;2213,001383;32,54413799;61455;0;61455;61455;0;0;0;0;0;0;0;0;0;0;0;0;0;0;8;8;16,27206899;16,27206899;36;100;57,33333333;36,95041723;1365,333333;0;0;0;0;0;0;0;0;1;86;36;100;0;0;0;0;0;0;0;18;0;50;0;0;0;8;0;0;0;0;1,66E+15;0;1,66E+15;1,66E+15;NeedManualLabel
172,17,0,2-8,8,8,8-50192-53-17;172,17,0,2;50192;8,8,8,8;53;17;08/08/2022 18:13;82844;2;2;56;156;28;28;28;0;112;44;78;48,08326112;2559,026604;48,28352083;27614,66667;28678,34682;57341;114;114;114;0;114;114;25389;25389;0;25389;25389;0;0;0;0;16;16;24,14176042;24,14176042;28;112;48;36,44173432;1328;0;0;0;0;0;0;0;0;1;60;28;78;0;0;0;212;4;2559;0;14;0;39;0;0;1;8;0;0;0;0;1,66E+15;0;1,66E+15;1,66E+15;NeedManualLabel
172,17,0,2-185,125,190,39-58920-80-6;172,17,0,2;58920;185,125,190,39;80;6;08/08/2022 18:13;32979720;3571;4848;1808;7230854;1357;0;0,506300756;23,12166462;16060;0;1491,512789;818,3562774;219306,3495;255,2780921;3917,761939;12631,98342;387662;-722;3,30E+07;9238,016807;19503,9661;388022;2;3,27E+07;6753,870642;15934,10093;387924;0;0;0;0;0;71440;96964;108,2786634;146,9994287;0;16060;858,9859857;963,7777064;928867,4674;0;2;0;3955;8418;0;0;0;1;859,0880152;0,506300756;1491,512789;0;0;0;7232662;4849;220944;0;0;0;858;64240;32458;4;20;0;0;0;0;1,66E+15;0;1,66E+15;1,66E+15;NeedManualLabel
172,17,0,2-91,189,91,38-39506-80-6;172,17,0,2;39506;91,189,91,38;80;6;08/08/2022 18:09;11371910;908;1157;1312;1867385;1175;0;1,444933921;39,25292209;10220;0;1613,988764;1092,701035;164325,6937;181,5877896;5509,646318;19526,14224;270966;-3736;1,14E+07;12529,23925;30322,91769;315342;2;1,12E+07;9677,218858;24896,00047;271261;0;0;0;0;0;18180;23144;79,84586582;101,7419237;0;10220;904,5;1144,596786;1310101,804;1;2;0;1011;2064;0;0;0;1;904,9380145;1,444933921;1613,988764;0;0;0;1868697;1155;167054;0;0;0;904;64240;31456;2;20;0;0;0;0;1,66E+15;0;1,66E+15;1,66E+15;NeedManualLabel
172,17,0,2-91,189,91,39-55572-80-6;172,17,0,2;55572;91,189,91,39;80;6;08/08/2022 18:10;12358166;1023;1288;880;2037165;153;0;0,860215054;11,22580071;8760;0;1581,649845;958,2101439;164914,8425;187,0018577;5349,855411;18371,31393;201524;-942;1,24E+07;12092,13894;27979,80843;208123;2;1,22E+07;9446,470862;23745,91208;202745;0;0;0;0;0;20480;25764;82,77927324;104,2225845;0;8760;881,5073529;1062,181837;1128230,254;1;2;0;1128;2310;0;0;0;1;881,8887927;0,860215054;1581,649845;0;0;0;2038045;1289;167650;0;0;0;881;64240;31888;6;20;0;0;0;0;1,66E+15;0;1,66E+15;1,66E+15;NeedManualLabel
91,189,91,39-172,17,0,2-80-55572-6;91,189,91,39;80;172,17,0,2;55572;6;08/08/2022 18:10;473053;2;0;0;0;0;0;0;0;0;0;0;0;0;4,227856075;473053;0;473053;473053;473053;473053;0;473053;473053;0;0;0;0;0;0;0;0;0;40;0;4,227856075;0;0;0;0;0;0;1;0;0;0;2;0;0;0;0;0;0;0;0;0;0;0;0;0;1;0;0;0;31887;0;0;20;0;0;0;0;1,66E+15;0;1,66E+15;1,66E+15;NeedManualLabel
172,17,0,2-8,8,8,8-37696-53-17;172,17,0,2;37696;8,8,8,8;53;17;08/08/2022 18:09;76685;1;1;47;108;47;47;47;0;108;108;108;0;2021,255787;26,08071983;76685;0;76685;76685;0;0;0;0;0;0;0;0;0;0;0;0;0;0;8;8;13,04035991;13,04035991;47;108;67,33333333;35,21836642;1240,333333;0;0;0;0;0;0;0;0;1;101;47;108;0;0;0;0;0;0;0;23;0;54;0;0;0;8;0;0;0;0;1,66E+15;0;1,66E+15;1,66E+15;NeedManualLabel
172,17,0,2-91,189,91,38-39506-80-6;172,17,0,2;39506;91,189,91,38;80;6;08/08/2022 18:10;5161;1;1;0;0;0;0;0;0;0;0;0;0;0;387,5217981;5161;0;5161;5161;0;0;0;0;0;0;0;0;0;0;0;0;0;0;20;20;193,7608991;193,7608991;0;0;0;0;0;1;0;0;0;2;0;0;0;1;0;0;0;0;0;0;0;0;0;0;0;0;0;65535;31455;0;20;0;0;0;0;1,66E+15;0;1,66E+15;1,66E+15;NeedManualLabel
172,17,0,2-8,8,8,8-50762-53-17;172,17,0,2;50762;8,8,8,8;53;17;08/08/2022 18:09;54120;1;1;36;100;36;36;36;0;100;100;100;0;2512,93422;36,954915;54120;0;54120;54120;0;0;0;0;0;0;0;0;0;0;0;0;0;0;8;8;18,4774575;18,4774575;36;100;57,33333333;36,95041723;1365,333333;0;0;0;0;0;0;0;0;1;86;36;100;0;0;0;0;0;0;0;18;0;50;0;0;0;8;0;0;0;0;1,66E+15;0;1,66E+15;1,66E+15;NeedManualLabel
